"id","condition","stimulus","key","response","RT","correct"
"ssg47","Memorized","<h1>orange</h1>","y","n",4648,0
"ssg47","Memorized","<h1>berry</h1>","y","y",1085,1
"ssg47","Unrelated_Unmemorized","<h1>web</h1>","n","n",926,1
"ssg47","Unrelated_Unmemorized","<h1>England</h1>","n","n",838,1
"ssg47","Unrelated_Unmemorized","<h1>warm</h1>","n","n",791,1
"ssg47","Memorized","<h1>citrus</h1>","y","n",4039,0
"ssg47","Unrelated_Unmemorized","<h1>white</h1>","n","n",714,1
"ssg47","Related_Unmemorized","<h1>fruit</h1>","n","n",1285,1
"ssg47","Memorized","<h1>juice</h1>","y","y",816,1
"ssg47","Unrelated_Unmemorized","<h1>hill</h1>","n","n",788,1
"ssg47","Memorized","<h1>banana</h1>","y","y",810,1
"ssg47","Unrelated_Unmemorized","<h1>light</h1>","n","n",926,1
"ssg47","Unrelated_Unmemorized","<h1>queen</h1>","n","n",1069,1
"ssg47","Memorized","<h1>jam</h1>","y","n",4889,0
"ssg47","Related_Unmemorized","<h1>bread</h1>","n","y",2055,0
"ssg47","Unrelated_Unmemorized","<h1>hard</h1>","n","n",573,1
"ssg47","Memorized","<h1>toast</h1>","y","y",721,1
"ssg47","Memorized","<h1>butter</h1>","y","y",1044,1
"ssg47","Unrelated_Unmemorized","<h1>lethargic</h1>","n","n",540,1
"ssg47","Memorized","<h1>food</h1>","y","y",675,1
"ssg47","Unrelated_Unmemorized","<h1>mad</h1>","n","n",496,1
"ssg47","Memorized","<h1>flour</h1>","y","y",727,1
"ssg47","Unrelated_Unmemorized","<h1>legs</h1>","n","n",563,1
"ssg47","Unrelated_Unmemorized","<h1>hand</h1>","n","n",607,1
"ssg47","Unrelated_Unmemorized","<h1>fast</h1>","n","n",806,1
"ssg47","Unrelated_Unmemorized","<h1>cat</h1>","n","n",847,1
"ssg47","Memorized","<h1>house</h1>","y","n",2048,0
"ssg47","Memorized","<h1>door</h1>","y","y",2243,1
"ssg47","Memorized","<h1>shutter</h1>","y","y",607,1
"ssg47","Memorized","<h1>glass</h1>","y","y",608,1
"ssg47","Unrelated_Unmemorized","<h1>bumpy</h1>","n","n",605,1
"ssg47","Related_Unmemorized","<h1>window</h1>","n","y",1688,0
"ssg47","Unrelated_Unmemorized","<h1>snow</h1>","n","n",534,1
"ssg47","Memorized","<h1>screen</h1>","y","y",810,1
"ssg47","Unrelated_Unmemorized","<h1>boy</h1>","n","n",551,1
"ssg47","Unrelated_Unmemorized","<h1>piano</h1>","n","n",547,1
"ssg47","Unrelated_Unmemorized","<h1>sit</h1>","n","n",784,1
"ssg47","Related_Unmemorized","<h1>sweet</h1>","n","y",1269,0
"ssg47","Memorized","<h1>chocolate</h1>","y","y",769,1
"ssg47","Memorized","<h1>sugar</h1>","y","y",673,1
"ssg47","Memorized","<h1>cake</h1>","y","y",524,1
"ssg47","Unrelated_Unmemorized","<h1>show</h1>","n","n",576,1
"ssg47","Memorized","<h1>taste</h1>","y","y",646,1
"ssg47","Unrelated_Unmemorized","<h1>calm</h1>","n","n",538,1
"ssg47","Unrelated_Unmemorized","<h1>pin</h1>","n","n",469,1
"ssg47","Unrelated_Unmemorized","<h1>smooth</h1>","n","n",489,1
"ssg47","Unrelated_Unmemorized","<h1>climb</h1>","n","n",512,1
"ssg47","Memorized","<h1>honey</h1>","y","y",687,1
"ssg47","Memorized","<h1>up</h1>","y","y",727,1
"ssg47","Memorized","<h1>clouds</h1>","y","y",1426,1
"ssg47","Unrelated_Unmemorized","<h1>toe</h1>","n","n",577,1
"ssg47","Memorized","<h1>tower</h1>","y","y",708,1
"ssg47","Unrelated_Unmemorized","<h1>valley</h1>","n","n",514,1
"ssg47","Memorized","<h1>low</h1>","y","y",787,1
"ssg47","Unrelated_Unmemorized","<h1>note</h1>","n","n",501,1
"ssg47","Unrelated_Unmemorized","<h1>insect</h1>","n","n",523,1
"ssg47","Unrelated_Unmemorized","<h1>table</h1>","n","n",573,1
"ssg47","Unrelated_Unmemorized","<h1>steal</h1>","n","n",524,1
"ssg47","Related_Unmemorized","<h1>high</h1>","n","y",1322,0
"ssg47","Memorized","<h1>above</h1>","y","y",701,1
"ssg47","Related_Unmemorized","<h1>river</h1>","n","n",4748,1
"ssg47","Unrelated_Unmemorized","<h1>sound</h1>","n","n",652,1
"ssg47","Memorized","<h1>swim</h1>","y","n",1621,0
"ssg47","Unrelated_Unmemorized","<h1>thread</h1>","n","n",494,1
"ssg47","Memorized","<h1>flow</h1>","y","y",806,1
"ssg47","Memorized","<h1>barge</h1>","y","y",621,1
"ssg47","Unrelated_Unmemorized","<h1>crown</h1>","n","n",611,1
"ssg47","Memorized","<h1>Mississippi</h1>","y","y",541,1
"ssg47","Unrelated_Unmemorized","<h1>fear</h1>","n","n",565,1
"ssg47","Memorized","<h1>brook</h1>","y","y",613,1
"ssg47","Unrelated_Unmemorized","<h1>robber</h1>","n","n",706,1
"ssg47","Unrelated_Unmemorized","<h1>hot</h1>","n","n",740,1
"zl627","Memorized","<h1>banana</h1>","y","y",2216,1
"zl627","Unrelated_Unmemorized","<h1>web</h1>","n","n",1845,1
"zl627","Unrelated_Unmemorized","<h1>warm</h1>","n","n",957,1
"zl627","Related_Unmemorized","<h1>fruit</h1>","n","y",1076,0
"zl627","Memorized","<h1>orange</h1>","y","y",1327,1
"zl627","Memorized","<h1>citrus</h1>","y","y",883,1
"zl627","Unrelated_Unmemorized","<h1>hill</h1>","n","n",774,1
"zl627","Unrelated_Unmemorized","<h1>England</h1>","n","n",836,1
"zl627","Unrelated_Unmemorized","<h1>white</h1>","n","n",1271,1
"zl627","Memorized","<h1>berry</h1>","y","y",696,1
"zl627","Memorized","<h1>juice</h1>","y","y",704,1
"zl627","Unrelated_Unmemorized","<h1>light</h1>","n","n",750,1
"zl627","Unrelated_Unmemorized","<h1>steal</h1>","n","n",1344,1
"zl627","Memorized","<h1>up</h1>","y","n",560,0
"zl627","Unrelated_Unmemorized","<h1>table</h1>","n","y",568,0
"zl627","Memorized","<h1>clouds</h1>","y","y",657,1
"zl627","Unrelated_Unmemorized","<h1>valley</h1>","n","n",2630,1
"zl627","Unrelated_Unmemorized","<h1>insect</h1>","n","n",811,1
"zl627","Memorized","<h1>low</h1>","y","n",719,0
"zl627","Unrelated_Unmemorized","<h1>note</h1>","n","y",573,0
"zl627","Memorized","<h1>tower</h1>","y","y",637,1
"zl627","Memorized","<h1>above</h1>","y","y",800,1
"zl627","Related_Unmemorized","<h1>high</h1>","n","y",1856,0
"zl627","Unrelated_Unmemorized","<h1>toe</h1>","n","n",1399,1
"zl627","Unrelated_Unmemorized","<h1>sit</h1>","n","n",754,1
"zl627","Unrelated_Unmemorized","<h1>calm</h1>","n","n",663,1
"zl627","Unrelated_Unmemorized","<h1>show</h1>","n","n",1062,1
"zl627","Unrelated_Unmemorized","<h1>climb</h1>","n","y",596,0
"zl627","Memorized","<h1>taste</h1>","y","y",722,1
"zl627","Memorized","<h1>cake</h1>","y","y",684,1
"zl627","Memorized","<h1>honey</h1>","y","y",745,1
"zl627","Unrelated_Unmemorized","<h1>smooth</h1>","n","n",897,1
"zl627","Memorized","<h1>chocolate</h1>","y","y",1078,1
"zl627","Unrelated_Unmemorized","<h1>pin</h1>","n","n",2177,1
"zl627","Related_Unmemorized","<h1>sweet</h1>","n","n",950,1
"zl627","Memorized","<h1>sugar</h1>","y","y",1064,1
"zl627","Unrelated_Unmemorized","<h1>bumpy</h1>","n","n",936,1
"zl627","Unrelated_Unmemorized","<h1>cat</h1>","n","n",529,1
"zl627","Memorized","<h1>shutter</h1>","y","y",886,1
"zl627","Memorized","<h1>glass</h1>","y","y",844,1
"zl627","Memorized","<h1>door</h1>","y","y",703,1
"zl627","Unrelated_Unmemorized","<h1>boy</h1>","n","n",752,1
"zl627","Memorized","<h1>house</h1>","y","y",577,1
"zl627","Unrelated_Unmemorized","<h1>snow</h1>","n","n",833,1
"zl627","Related_Unmemorized","<h1>window</h1>","n","n",692,1
"zl627","Unrelated_Unmemorized","<h1>piano</h1>","n","n",775,1
"zl627","Memorized","<h1>screen</h1>","y","n",686,0
"zl627","Unrelated_Unmemorized","<h1>fast</h1>","n","y",835,0
"zl627","Unrelated_Unmemorized","<h1>crown</h1>","n","n",1560,1
"zl627","Related_Unmemorized","<h1>river</h1>","n","y",729,0
"zl627","Memorized","<h1>swim</h1>","y","y",624,1
"zl627","Memorized","<h1>Mississippi</h1>","y","y",660,1
"zl627","Unrelated_Unmemorized","<h1>sound</h1>","n","y",656,0
"zl627","Unrelated_Unmemorized","<h1>robber</h1>","n","n",718,1
"zl627","Memorized","<h1>brook</h1>","y","y",705,1
"zl627","Unrelated_Unmemorized","<h1>hot</h1>","n","n",791,1
"zl627","Memorized","<h1>flow</h1>","y","n",805,0
"zl627","Unrelated_Unmemorized","<h1>fear</h1>","n","n",719,1
"zl627","Unrelated_Unmemorized","<h1>thread</h1>","n","n",1438,1
"zl627","Memorized","<h1>barge</h1>","y","n",638,0
"zl627","Unrelated_Unmemorized","<h1>legs</h1>","n","n",884,1
"zl627","Unrelated_Unmemorized","<h1>queen</h1>","n","n",471,1
"zl627","Memorized","<h1>jam</h1>","y","y",737,1
"zl627","Unrelated_Unmemorized","<h1>hand</h1>","n","n",735,1
"zl627","Memorized","<h1>toast</h1>","y","y",658,1
"zl627","Memorized","<h1>food</h1>","y","y",678,1
"zl627","Unrelated_Unmemorized","<h1>mad</h1>","n","n",601,1
"zl627","Related_Unmemorized","<h1>bread</h1>","n","y",536,0
"zl627","Memorized","<h1>flour</h1>","y","y",637,1
"zl627","Memorized","<h1>butter</h1>","y","y",598,1
"zl627","Unrelated_Unmemorized","<h1>lethargic</h1>","n","n",565,1
"zl627","Unrelated_Unmemorized","<h1>hard</h1>","n","n",1237,1
"wz343","Memorized","<h1>Mississippi</h1>","y","y",1808,1
"wz343","Related_Unmemorized","<h1>river</h1>","n","n",3100,1
"wz343","Unrelated_Unmemorized","<h1>fear</h1>","n","n",922,1
"wz343","Memorized","<h1>brook</h1>","y","y",1047,1
"wz343","Unrelated_Unmemorized","<h1>thread</h1>","n","n",1052,1
"wz343","Unrelated_Unmemorized","<h1>hot</h1>","n","n",912,1
"wz343","Unrelated_Unmemorized","<h1>robber</h1>","n","n",1006,1
"wz343","Unrelated_Unmemorized","<h1>crown</h1>","n","n",741,1
"wz343","Memorized","<h1>flow</h1>","y","y",863,1
"wz343","Unrelated_Unmemorized","<h1>sound</h1>","n","n",900,1
"wz343","Memorized","<h1>swim</h1>","y","y",862,1
"wz343","Memorized","<h1>barge</h1>","y","y",735,1
"wz343","Memorized","<h1>clouds</h1>","y","y",979,1
"wz343","Memorized","<h1>up</h1>","y","y",580,1
"wz343","Unrelated_Unmemorized","<h1>insect</h1>","n","n",1440,1
"wz343","Related_Unmemorized","<h1>high</h1>","n","n",1331,1
"wz343","Memorized","<h1>low</h1>","y","y",1084,1
"wz343","Memorized","<h1>above</h1>","y","n",1524,0
"wz343","Memorized","<h1>tower</h1>","y","y",894,1
"wz343","Unrelated_Unmemorized","<h1>note</h1>","n","n",684,1
"wz343","Unrelated_Unmemorized","<h1>steal</h1>","n","n",718,1
"wz343","Unrelated_Unmemorized","<h1>valley</h1>","n","n",666,1
"wz343","Unrelated_Unmemorized","<h1>toe</h1>","n","n",675,1
"wz343","Unrelated_Unmemorized","<h1>table</h1>","n","n",684,1
"wz343","Unrelated_Unmemorized","<h1>smooth</h1>","n","n",981,1
"wz343","Memorized","<h1>sugar</h1>","y","y",849,1
"wz343","Memorized","<h1>cake</h1>","y","y",610,1
"wz343","Memorized","<h1>taste</h1>","y","y",692,1
"wz343","Unrelated_Unmemorized","<h1>calm</h1>","n","n",647,1
"wz343","Unrelated_Unmemorized","<h1>sit</h1>","n","n",747,1
"wz343","Memorized","<h1>chocolate</h1>","y","y",736,1
"wz343","Unrelated_Unmemorized","<h1>pin</h1>","n","n",637,1
"wz343","Related_Unmemorized","<h1>sweet</h1>","n","n",1041,1
"wz343","Unrelated_Unmemorized","<h1>climb</h1>","n","n",694,1
"wz343","Memorized","<h1>honey</h1>","y","y",721,1
"wz343","Unrelated_Unmemorized","<h1>show</h1>","n","n",2247,1
"wz343","Memorized","<h1>glass</h1>","y","y",1565,1
"wz343","Memorized","<h1>screen</h1>","y","y",681,1
"wz343","Unrelated_Unmemorized","<h1>boy</h1>","n","n",589,1
"wz343","Memorized","<h1>door</h1>","y","y",728,1
"wz343","Unrelated_Unmemorized","<h1>piano</h1>","n","n",777,1
"wz343","Unrelated_Unmemorized","<h1>fast</h1>","n","n",944,1
"wz343","Unrelated_Unmemorized","<h1>cat</h1>","n","n",760,1
"wz343","Memorized","<h1>house</h1>","y","y",724,1
"wz343","Unrelated_Unmemorized","<h1>bumpy</h1>","n","n",651,1
"wz343","Unrelated_Unmemorized","<h1>snow</h1>","n","n",706,1
"wz343","Memorized","<h1>shutter</h1>","y","n",1153,0
"wz343","Related_Unmemorized","<h1>window</h1>","n","y",1570,0
"wz343","Memorized","<h1>food</h1>","y","y",1923,1
"wz343","Unrelated_Unmemorized","<h1>legs</h1>","n","n",595,1
"wz343","Unrelated_Unmemorized","<h1>hard</h1>","n","n",653,1
"wz343","Memorized","<h1>flour</h1>","y","y",715,1
"wz343","Related_Unmemorized","<h1>bread</h1>","n","n",733,1
"wz343","Unrelated_Unmemorized","<h1>hand</h1>","n","n",791,1
"wz343","Memorized","<h1>toast</h1>","y","n",768,0
"wz343","Memorized","<h1>jam</h1>","y","n",907,0
"wz343","Memorized","<h1>butter</h1>","y","y",675,1
"wz343","Unrelated_Unmemorized","<h1>lethargic</h1>","n","n",739,1
"wz343","Unrelated_Unmemorized","<h1>mad</h1>","n","n",713,1
"wz343","Unrelated_Unmemorized","<h1>queen</h1>","n","n",686,1
"wz343","Unrelated_Unmemorized","<h1>web</h1>","n","n",665,1
"wz343","Memorized","<h1>banana</h1>","y","y",674,1
"wz343","Related_Unmemorized","<h1>fruit</h1>","n","n",1699,1
"wz343","Unrelated_Unmemorized","<h1>light</h1>","n","n",777,1
"wz343","Memorized","<h1>citrus</h1>","y","y",704,1
"wz343","Unrelated_Unmemorized","<h1>England</h1>","n","n",797,1
"wz343","Memorized","<h1>berry</h1>","y","y",775,1
"wz343","Unrelated_Unmemorized","<h1>hill</h1>","n","n",1724,1
"wz343","Memorized","<h1>juice</h1>","y","y",956,1
"wz343","Memorized","<h1>orange</h1>","y","y",696,1
"wz343","Unrelated_Unmemorized","<h1>white</h1>","n","n",829,1
"wz343","Unrelated_Unmemorized","<h1>warm</h1>","n","n",736,1
"2002","Unrelated_Unmemorized","<h1>table</h1>","n","n",2077,1
"2002","Unrelated_Unmemorized","<h1>valley</h1>","n","n",689,1
"2002","Unrelated_Unmemorized","<h1>insect</h1>","n","n",624,1
"2002","Unrelated_Unmemorized","<h1>toe</h1>","n","n",523,1
"2002","Memorized","<h1>clouds</h1>","y","y",1772,1
"2002","Unrelated_Unmemorized","<h1>note</h1>","n","n",632,1
"2002","Memorized","<h1>tower</h1>","y","y",875,1
"2002","Memorized","<h1>low</h1>","y","n",1490,0
"2002","Unrelated_Unmemorized","<h1>steal</h1>","n","n",587,1
"2002","Memorized","<h1>above</h1>","y","y",639,1
"2002","Related_Unmemorized","<h1>high</h1>","n","y",604,0
"2002","Memorized","<h1>up</h1>","y","y",902,1
"2002","Memorized","<h1>citrus</h1>","y","y",1089,1
"2002","Unrelated_Unmemorized","<h1>web</h1>","n","n",603,1
"2002","Unrelated_Unmemorized","<h1>light</h1>","n","n",879,1
"2002","Unrelated_Unmemorized","<h1>warm</h1>","n","n",637,1
"2002","Unrelated_Unmemorized","<h1>white</h1>","n","n",526,1
"2002","Unrelated_Unmemorized","<h1>England</h1>","n","n",553,1
"2002","Memorized","<h1>banana</h1>","y","y",551,1
"2002","Unrelated_Unmemorized","<h1>hill</h1>","n","n",1362,1
"2002","Memorized","<h1>orange</h1>","y","y",685,1
"2002","Related_Unmemorized","<h1>fruit</h1>","n","y",590,0
"2002","Memorized","<h1>berry</h1>","y","y",505,1
"2002","Memorized","<h1>juice</h1>","y","y",590,1
"2002","Unrelated_Unmemorized","<h1>queen</h1>","n","n",915,1
"2002","Memorized","<h1>butter</h1>","y","y",592,1
"2002","Memorized","<h1>toast</h1>","y","y",495,1
"2002","Unrelated_Unmemorized","<h1>legs</h1>","n","n",630,1
"2002","Unrelated_Unmemorized","<h1>lethargic</h1>","n","n",626,1
"2002","Memorized","<h1>flour</h1>","y","y",663,1
"2002","Related_Unmemorized","<h1>bread</h1>","n","y",547,0
"2002","Unrelated_Unmemorized","<h1>hard</h1>","n","n",556,1
"2002","Memorized","<h1>food</h1>","y","y",1542,1
"2002","Memorized","<h1>jam</h1>","y","y",724,1
"2002","Unrelated_Unmemorized","<h1>hand</h1>","n","n",660,1
"2002","Unrelated_Unmemorized","<h1>mad</h1>","n","n",569,1
"2002","Memorized","<h1>house</h1>","y","y",1883,1
"2002","Unrelated_Unmemorized","<h1>piano</h1>","n","n",600,1
"2002","Memorized","<h1>screen</h1>","y","n",737,0
"2002","Memorized","<h1>shutter</h1>","y","y",524,1
"2002","Unrelated_Unmemorized","<h1>cat</h1>","n","n",609,1
"2002","Unrelated_Unmemorized","<h1>bumpy</h1>","n","n",630,1
"2002","Memorized","<h1>door</h1>","y","y",789,1
"2002","Unrelated_Unmemorized","<h1>fast</h1>","n","n",1166,1
"2002","Unrelated_Unmemorized","<h1>boy</h1>","n","n",781,1
"2002","Memorized","<h1>glass</h1>","y","y",501,1
"2002","Related_Unmemorized","<h1>window</h1>","n","y",632,0
"2002","Unrelated_Unmemorized","<h1>snow</h1>","n","n",544,1
"2002","Memorized","<h1>cake</h1>","y","y",996,1
"2002","Unrelated_Unmemorized","<h1>climb</h1>","n","n",575,1
"2002","Unrelated_Unmemorized","<h1>pin</h1>","n","n",547,1
"2002","Memorized","<h1>chocolate</h1>","y","y",451,1
"2002","Unrelated_Unmemorized","<h1>sit</h1>","n","n",578,1
"2002","Unrelated_Unmemorized","<h1>calm</h1>","n","n",587,1
"2002","Unrelated_Unmemorized","<h1>smooth</h1>","n","n",787,1
"2002","Unrelated_Unmemorized","<h1>show</h1>","n","n",491,1
"2002","Memorized","<h1>sugar</h1>","y","y",509,1
"2002","Related_Unmemorized","<h1>sweet</h1>","n","y",397,0
"2002","Memorized","<h1>honey</h1>","y","y",572,1
"2002","Memorized","<h1>taste</h1>","y","y",485,1
"2002","Unrelated_Unmemorized","<h1>sound</h1>","n","n",805,1
"2002","Unrelated_Unmemorized","<h1>crown</h1>","n","n",618,1
"2002","Unrelated_Unmemorized","<h1>thread</h1>","n","n",565,1
"2002","Memorized","<h1>swim</h1>","y","y",554,1
"2002","Memorized","<h1>Mississippi</h1>","y","y",526,1
"2002","Unrelated_Unmemorized","<h1>robber</h1>","n","n",709,1
"2002","Unrelated_Unmemorized","<h1>fear</h1>","n","n",587,1
"2002","Related_Unmemorized","<h1>river</h1>","n","y",669,0
"2002","Memorized","<h1>flow</h1>","y","y",442,1
"2002","Unrelated_Unmemorized","<h1>hot</h1>","n","n",663,1
"2002","Memorized","<h1>barge</h1>","y","y",787,1
"2002","Memorized","<h1>brook</h1>","y","n",1094,0
"ss3998","Memorized","<h1>swim</h1>","y","y",1529,1
"ss3998","Unrelated_Unmemorized","<h1>sound</h1>","n","n",1291,1
"ss3998","Memorized","<h1>barge</h1>","y","n",1633,0
"ss3998","Memorized","<h1>flow</h1>","y","n",1249,0
"ss3998","Unrelated_Unmemorized","<h1>crown</h1>","n","n",737,1
"ss3998","Memorized","<h1>brook</h1>","y","y",775,1
"ss3998","Unrelated_Unmemorized","<h1>robber</h1>","n","n",600,1
"ss3998","Memorized","<h1>Mississippi</h1>","y","y",670,1
"ss3998","Unrelated_Unmemorized","<h1>fear</h1>","n","n",655,1
"ss3998","Unrelated_Unmemorized","<h1>hot</h1>","n","n",671,1
"ss3998","Unrelated_Unmemorized","<h1>thread</h1>","n","n",641,1
"ss3998","Related_Unmemorized","<h1>river</h1>","n","y",719,0
"ss3998","Related_Unmemorized","<h1>high</h1>","n","y",1007,0
"ss3998","Memorized","<h1>above</h1>","y","y",740,1
"ss3998","Unrelated_Unmemorized","<h1>table</h1>","n","n",684,1
"ss3998","Unrelated_Unmemorized","<h1>valley</h1>","n","n",664,1
"ss3998","Unrelated_Unmemorized","<h1>toe</h1>","n","n",559,1
"ss3998","Unrelated_Unmemorized","<h1>steal</h1>","n","n",572,1
"ss3998","Memorized","<h1>tower</h1>","y","y",522,1
"ss3998","Unrelated_Unmemorized","<h1>insect</h1>","n","n",714,1
"ss3998","Memorized","<h1>low</h1>","y","n",1233,0
"ss3998","Memorized","<h1>clouds</h1>","y","y",565,1
"ss3998","Unrelated_Unmemorized","<h1>note</h1>","n","n",606,1
"ss3998","Memorized","<h1>up</h1>","y","n",1213,0
"ss3998","Memorized","<h1>banana</h1>","y","y",1300,1
"ss3998","Unrelated_Unmemorized","<h1>hill</h1>","n","n",621,1
"ss3998","Unrelated_Unmemorized","<h1>white</h1>","n","n",806,1
"ss3998","Memorized","<h1>citrus</h1>","y","y",656,1
"ss3998","Unrelated_Unmemorized","<h1>light</h1>","n","n",553,1
"ss3998","Memorized","<h1>orange</h1>","y","y",670,1
"ss3998","Memorized","<h1>berry</h1>","y","y",710,1
"ss3998","Unrelated_Unmemorized","<h1>warm</h1>","n","n",926,1
"ss3998","Related_Unmemorized","<h1>fruit</h1>","n","y",874,0
"ss3998","Unrelated_Unmemorized","<h1>web</h1>","n","n",611,1
"ss3998","Unrelated_Unmemorized","<h1>England</h1>","n","n",703,1
"ss3998","Memorized","<h1>juice</h1>","y","y",1812,1
"ss3998","Memorized","<h1>honey</h1>","y","n",3161,0
"ss3998","Memorized","<h1>cake</h1>","y","y",943,1
"ss3998","Related_Unmemorized","<h1>sweet</h1>","n","y",610,0
"ss3998","Unrelated_Unmemorized","<h1>show</h1>","n","n",612,1
"ss3998","Unrelated_Unmemorized","<h1>sit</h1>","n","n",579,1
"ss3998","Unrelated_Unmemorized","<h1>calm</h1>","n","n",677,1
"ss3998","Unrelated_Unmemorized","<h1>climb</h1>","n","n",662,1
"ss3998","Memorized","<h1>sugar</h1>","y","y",570,1
"ss3998","Unrelated_Unmemorized","<h1>pin</h1>","n","n",523,1
"ss3998","Memorized","<h1>taste</h1>","y","n",1455,0
"ss3998","Memorized","<h1>chocolate</h1>","y","n",905,0
"ss3998","Unrelated_Unmemorized","<h1>smooth</h1>","n","n",653,1
"ss3998","Unrelated_Unmemorized","<h1>hand</h1>","n","n",627,1
"ss3998","Memorized","<h1>toast</h1>","y","y",534,1
"ss3998","Memorized","<h1>jam</h1>","y","y",822,1
"ss3998","Unrelated_Unmemorized","<h1>legs</h1>","n","n",602,1
"ss3998","Unrelated_Unmemorized","<h1>lethargic</h1>","n","n",533,1
"ss3998","Related_Unmemorized","<h1>bread</h1>","n","n",954,1
"ss3998","Memorized","<h1>butter</h1>","y","y",805,1
"ss3998","Memorized","<h1>flour</h1>","y","y",716,1
"ss3998","Memorized","<h1>food</h1>","y","y",1245,1
"ss3998","Unrelated_Unmemorized","<h1>queen</h1>","n","n",768,1
"ss3998","Unrelated_Unmemorized","<h1>hard</h1>","n","n",952,1
"ss3998","Unrelated_Unmemorized","<h1>mad</h1>","n","n",703,1
"ss3998","Memorized","<h1>door</h1>","y","y",993,1
"ss3998","Unrelated_Unmemorized","<h1>cat</h1>","n","n",525,1
"ss3998","Memorized","<h1>glass</h1>","y","y",645,1
"ss3998","Unrelated_Unmemorized","<h1>boy</h1>","n","n",647,1
"ss3998","Unrelated_Unmemorized","<h1>bumpy</h1>","n","n",729,1
"ss3998","Memorized","<h1>screen</h1>","y","y",644,1
"ss3998","Unrelated_Unmemorized","<h1>snow</h1>","n","n",671,1
"ss3998","Memorized","<h1>house</h1>","y","y",824,1
"ss3998","Memorized","<h1>shutter</h1>","y","y",691,1
"ss3998","Unrelated_Unmemorized","<h1>fast</h1>","n","n",550,1
"ss3998","Unrelated_Unmemorized","<h1>piano</h1>","n","n",638,1
"ss3998","Related_Unmemorized","<h1>window</h1>","n","y",806,0
"jhm77","Memorized","<h1>glass</h1>","y","y",2245,1
"jhm77","Memorized","<h1>house</h1>","y","y",1381,1
"jhm77","Unrelated_Unmemorized","<h1>bumpy</h1>","n","n",1681,1
"jhm77","Unrelated_Unmemorized","<h1>fast</h1>","n","n",1177,1
"jhm77","Unrelated_Unmemorized","<h1>snow</h1>","n","n",2832,1
"jhm77","Memorized","<h1>door</h1>","y","y",1085,1
"jhm77","Memorized","<h1>screen</h1>","y","y",1037,1
"jhm77","Related_Unmemorized","<h1>window</h1>","n","n",2795,1
"jhm77","Unrelated_Unmemorized","<h1>boy</h1>","n","n",945,1
"jhm77","Unrelated_Unmemorized","<h1>piano</h1>","n","n",962,1
"jhm77","Memorized","<h1>shutter</h1>","y","n",1567,0
"jhm77","Unrelated_Unmemorized","<h1>cat</h1>","n","n",969,1
"jhm77","Unrelated_Unmemorized","<h1>toe</h1>","n","n",1608,1
"jhm77","Memorized","<h1>low</h1>","y","n",1296,0
"jhm77","Unrelated_Unmemorized","<h1>steal</h1>","n","n",1044,1
"jhm77","Memorized","<h1>above</h1>","y","n",1779,0
"jhm77","Unrelated_Unmemorized","<h1>table</h1>","n","n",1290,1
"jhm77","Unrelated_Unmemorized","<h1>insect</h1>","n","n",920,1
"jhm77","Memorized","<h1>up</h1>","y","y",1025,1
"jhm77","Unrelated_Unmemorized","<h1>valley</h1>","n","n",936,1
"jhm77","Unrelated_Unmemorized","<h1>note</h1>","n","n",971,1
"jhm77","Related_Unmemorized","<h1>high</h1>","n","n",1280,1
"jhm77","Memorized","<h1>clouds</h1>","y","n",1918,0
"jhm77","Memorized","<h1>tower</h1>","y","y",1139,1
"jhm77","Memorized","<h1>citrus</h1>","y","n",1240,0
"jhm77","Unrelated_Unmemorized","<h1>light</h1>","n","n",1076,1
"jhm77","Unrelated_Unmemorized","<h1>England</h1>","n","n",1131,1
"jhm77","Memorized","<h1>berry</h1>","y","y",1358,1
"jhm77","Unrelated_Unmemorized","<h1>web</h1>","n","n",889,1
"jhm77","Related_Unmemorized","<h1>fruit</h1>","n","n",2196,1
"jhm77","Unrelated_Unmemorized","<h1>hill</h1>","n","n",1042,1
"jhm77","Memorized","<h1>juice</h1>","y","n",1338,0
"jhm77","Unrelated_Unmemorized","<h1>white</h1>","n","n",887,1
"jhm77","Memorized","<h1>banana</h1>","y","n",947,0
"jhm77","Memorized","<h1>orange</h1>","y","y",985,1
"jhm77","Unrelated_Unmemorized","<h1>warm</h1>","n","n",948,1
"jhm77","Memorized","<h1>toast</h1>","y","y",1386,1
"jhm77","Memorized","<h1>flour</h1>","y","n",3374,0
"jhm77","Unrelated_Unmemorized","<h1>mad</h1>","n","n",998,1
"jhm77","Memorized","<h1>food</h1>","y","n",1249,0
"jhm77","Memorized","<h1>butter</h1>","y","y",910,1
"jhm77","Unrelated_Unmemorized","<h1>queen</h1>","n","n",980,1
"jhm77","Unrelated_Unmemorized","<h1>hand</h1>","n","n",978,1
"jhm77","Memorized","<h1>jam</h1>","y","y",840,1
"jhm77","Unrelated_Unmemorized","<h1>hard</h1>","n","n",881,1
"jhm77","Related_Unmemorized","<h1>bread</h1>","n","y",926,0
"jhm77","Unrelated_Unmemorized","<h1>lethargic</h1>","n","n",836,1
"jhm77","Unrelated_Unmemorized","<h1>legs</h1>","n","n",1492,1
"jhm77","Related_Unmemorized","<h1>river</h1>","n","y",1328,0
"jhm77","Unrelated_Unmemorized","<h1>sound</h1>","n","n",1015,1
"jhm77","Unrelated_Unmemorized","<h1>robber</h1>","n","n",929,1
"jhm77","Unrelated_Unmemorized","<h1>crown</h1>","n","n",1033,1
"jhm77","Unrelated_Unmemorized","<h1>fear</h1>","n","n",1046,1
"jhm77","Memorized","<h1>barge</h1>","y","y",891,1
"jhm77","Memorized","<h1>flow</h1>","y","n",2584,0
"jhm77","Unrelated_Unmemorized","<h1>thread</h1>","n","n",944,1
"jhm77","Memorized","<h1>swim</h1>","y","n",1337,0
"jhm77","Memorized","<h1>brook</h1>","y","n",3341,0
"jhm77","Unrelated_Unmemorized","<h1>hot</h1>","n","n",873,1
"jhm77","Memorized","<h1>Mississippi</h1>","y","y",858,1
"jhm77","Related_Unmemorized","<h1>sweet</h1>","n","n",3179,1
"jhm77","Memorized","<h1>sugar</h1>","y","y",893,1
"jhm77","Unrelated_Unmemorized","<h1>smooth</h1>","n","n",869,1
"jhm77","Unrelated_Unmemorized","<h1>climb</h1>","n","n",1004,1
"jhm77","Unrelated_Unmemorized","<h1>calm</h1>","n","n",892,1
"jhm77","Memorized","<h1>chocolate</h1>","y","y",824,1
"jhm77","Unrelated_Unmemorized","<h1>show</h1>","n","n",825,1
"jhm77","Memorized","<h1>honey</h1>","y","y",822,1
"jhm77","Memorized","<h1>cake</h1>","y","y",793,1
"jhm77","Unrelated_Unmemorized","<h1>pin</h1>","n","n",775,1
"jhm77","Memorized","<h1>taste</h1>","y","n",2135,0
"jhm77","Unrelated_Unmemorized","<h1>sit</h1>","n","n",857,1
"yq222","Memorized","<h1>taste</h1>","y","y",3112,1
"yq222","Unrelated_Unmemorized","<h1>pin</h1>","n","n",1302,1
"yq222","Memorized","<h1>cake</h1>","y","y",1017,1
"yq222","Unrelated_Unmemorized","<h1>calm</h1>","n","n",1162,1
"yq222","Memorized","<h1>chocolate</h1>","y","y",973,1
"yq222","Unrelated_Unmemorized","<h1>show</h1>","n","n",1304,1
"yq222","Memorized","<h1>sugar</h1>","y","y",927,1
"yq222","Memorized","<h1>honey</h1>","y","y",856,1
"yq222","Unrelated_Unmemorized","<h1>smooth</h1>","n","n",890,1
"yq222","Unrelated_Unmemorized","<h1>climb</h1>","n","n",1396,1
"yq222","Related_Unmemorized","<h1>sweet</h1>","n","n",4094,1
"yq222","Unrelated_Unmemorized","<h1>sit</h1>","n","n",1310,1
"yq222","Unrelated_Unmemorized","<h1>sound</h1>","n","n",1071,1
"yq222","Memorized","<h1>flow</h1>","y","y",953,1
"yq222","Unrelated_Unmemorized","<h1>robber</h1>","n","n",847,1
"yq222","Unrelated_Unmemorized","<h1>crown</h1>","n","n",1010,1
"yq222","Memorized","<h1>brook</h1>","y","y",882,1
"yq222","Memorized","<h1>swim</h1>","y","n",1920,0
"yq222","Related_Unmemorized","<h1>river</h1>","n","n",1251,1
"yq222","Unrelated_Unmemorized","<h1>thread</h1>","n","n",892,1
"yq222","Memorized","<h1>Mississippi</h1>","y","y",942,1
"yq222","Unrelated_Unmemorized","<h1>fear</h1>","n","n",1130,1
"yq222","Memorized","<h1>barge</h1>","y","y",937,1
"yq222","Unrelated_Unmemorized","<h1>hot</h1>","n","n",820,1
"yq222","Memorized","<h1>juice</h1>","y","n",1063,0
"yq222","Unrelated_Unmemorized","<h1>warm</h1>","n","n",842,1
"yq222","Unrelated_Unmemorized","<h1>hill</h1>","n","n",855,1
"yq222","Related_Unmemorized","<h1>fruit</h1>","n","n",1306,1
"yq222","Memorized","<h1>citrus</h1>","y","y",825,1
"yq222","Unrelated_Unmemorized","<h1>England</h1>","n","n",839,1
"yq222","Memorized","<h1>banana</h1>","y","y",853,1
"yq222","Unrelated_Unmemorized","<h1>light</h1>","n","n",805,1
"yq222","Memorized","<h1>orange</h1>","y","n",2449,0
"yq222","Memorized","<h1>berry</h1>","y","y",1258,1
"yq222","Unrelated_Unmemorized","<h1>white</h1>","n","n",726,1
"yq222","Unrelated_Unmemorized","<h1>web</h1>","n","n",981,1
"yq222","Memorized","<h1>food</h1>","y","n",1888,0
"yq222","Memorized","<h1>toast</h1>","y","y",900,1
"yq222","Memorized","<h1>jam</h1>","y","y",928,1
"yq222","Unrelated_Unmemorized","<h1>lethargic</h1>","n","n",926,1
"yq222","Memorized","<h1>flour</h1>","y","y",964,1
"yq222","Unrelated_Unmemorized","<h1>mad</h1>","n","n",769,1
"yq222","Unrelated_Unmemorized","<h1>legs</h1>","n","n",819,1
"yq222","Unrelated_Unmemorized","<h1>hard</h1>","n","n",757,1
"yq222","Unrelated_Unmemorized","<h1>hand</h1>","n","n",869,1
"yq222","Memorized","<h1>butter</h1>","y","y",1677,1
"yq222","Related_Unmemorized","<h1>bread</h1>","n","y",1268,0
"yq222","Unrelated_Unmemorized","<h1>queen</h1>","n","n",647,1
"yq222","Related_Unmemorized","<h1>high</h1>","n","n",2059,1
"yq222","Memorized","<h1>up</h1>","y","y",1066,1
"yq222","Unrelated_Unmemorized","<h1>steal</h1>","n","n",1100,1
"yq222","Unrelated_Unmemorized","<h1>valley</h1>","n","n",1001,1
"yq222","Memorized","<h1>tower</h1>","y","y",889,1
"yq222","Unrelated_Unmemorized","<h1>toe</h1>","n","n",878,1
"yq222","Memorized","<h1>clouds</h1>","y","y",1144,1
"yq222","Unrelated_Unmemorized","<h1>insect</h1>","n","n",801,1
"yq222","Unrelated_Unmemorized","<h1>note</h1>","n","n",873,1
"yq222","Memorized","<h1>low</h1>","y","y",2726,1
"yq222","Unrelated_Unmemorized","<h1>table</h1>","n","n",698,1
"yq222","Memorized","<h1>above</h1>","y","y",1012,1
"yq222","Memorized","<h1>shutter</h1>","y","y",4748,1
"yq222","Memorized","<h1>screen</h1>","y","y",1064,1
"yq222","Memorized","<h1>door</h1>","y","y",1105,1
"yq222","Related_Unmemorized","<h1>window</h1>","n","y",955,0
"yq222","Unrelated_Unmemorized","<h1>snow</h1>","n","n",944,1
"yq222","Unrelated_Unmemorized","<h1>piano</h1>","n","n",1070,1
"yq222","Unrelated_Unmemorized","<h1>boy</h1>","n","n",1333,1
"yq222","Memorized","<h1>glass</h1>","y","y",826,1
"yq222","Unrelated_Unmemorized","<h1>fast</h1>","n","n",796,1
"yq222","Memorized","<h1>house</h1>","y","y",2053,1
"yq222","Unrelated_Unmemorized","<h1>bumpy</h1>","n","n",1513,1
"yq222","Unrelated_Unmemorized","<h1>cat</h1>","n","n",1871,1
"yl2456","Unrelated_Unmemorized","<h1>queen</h1>","n","n",1386,1
"yl2456","Related_Unmemorized","<h1>bread</h1>","n","n",1083,1
"yl2456","Memorized","<h1>flour</h1>","y","y",1047,1
"yl2456","Unrelated_Unmemorized","<h1>legs</h1>","n","n",766,1
"yl2456","Memorized","<h1>toast</h1>","y","y",696,1
"yl2456","Memorized","<h1>butter</h1>","y","y",685,1
"yl2456","Unrelated_Unmemorized","<h1>hand</h1>","n","n",664,1
"yl2456","Unrelated_Unmemorized","<h1>hard</h1>","n","n",782,1
"yl2456","Memorized","<h1>food</h1>","y","y",1748,1
"yl2456","Memorized","<h1>jam</h1>","y","y",669,1
"yl2456","Unrelated_Unmemorized","<h1>lethargic</h1>","n","n",631,1
"yl2456","Unrelated_Unmemorized","<h1>mad</h1>","n","n",722,1
"yl2456","Unrelated_Unmemorized","<h1>sound</h1>","n","n",752,1
"yl2456","Unrelated_Unmemorized","<h1>robber</h1>","n","n",570,1
"yl2456","Memorized","<h1>brook</h1>","y","y",854,1
"yl2456","Unrelated_Unmemorized","<h1>crown</h1>","n","n",826,1
"yl2456","Memorized","<h1>barge</h1>","y","n",659,0
"yl2456","Memorized","<h1>flow</h1>","y","y",1204,1
"yl2456","Memorized","<h1>Mississippi</h1>","y","y",772,1
"yl2456","Unrelated_Unmemorized","<h1>hot</h1>","n","n",800,1
"yl2456","Unrelated_Unmemorized","<h1>fear</h1>","n","n",763,1
"yl2456","Memorized","<h1>swim</h1>","y","y",809,1
"yl2456","Related_Unmemorized","<h1>river</h1>","n","y",754,0
"yl2456","Unrelated_Unmemorized","<h1>thread</h1>","n","n",1141,1
"yl2456","Related_Unmemorized","<h1>high</h1>","n","n",847,1
"yl2456","Unrelated_Unmemorized","<h1>toe</h1>","n","n",836,1
"yl2456","Memorized","<h1>clouds</h1>","y","y",1730,1
"yl2456","Unrelated_Unmemorized","<h1>table</h1>","n","n",744,1
"yl2456","Memorized","<h1>up</h1>","y","y",836,1
"yl2456","Unrelated_Unmemorized","<h1>steal</h1>","n","n",674,1
"yl2456","Unrelated_Unmemorized","<h1>insect</h1>","n","n",694,1
"yl2456","Unrelated_Unmemorized","<h1>note</h1>","n","n",764,1
"yl2456","Memorized","<h1>above</h1>","y","y",3179,1
"yl2456","Memorized","<h1>low</h1>","y","y",1756,1
"yl2456","Unrelated_Unmemorized","<h1>valley</h1>","n","n",693,1
"yl2456","Memorized","<h1>tower</h1>","y","y",1037,1
"yl2456","Memorized","<h1>taste</h1>","y","n",5923,0
"yl2456","Memorized","<h1>cake</h1>","y","y",699,1
"yl2456","Unrelated_Unmemorized","<h1>pin</h1>","n","n",1416,1
"yl2456","Unrelated_Unmemorized","<h1>smooth</h1>","n","n",885,1
"yl2456","Unrelated_Unmemorized","<h1>sit</h1>","n","n",1199,1
"yl2456","Memorized","<h1>honey</h1>","y","y",683,1
"yl2456","Unrelated_Unmemorized","<h1>show</h1>","n","n",836,1
"yl2456","Memorized","<h1>sugar</h1>","y","y",660,1
"yl2456","Unrelated_Unmemorized","<h1>calm</h1>","n","n",798,1
"yl2456","Unrelated_Unmemorized","<h1>climb</h1>","n","n",690,1
"yl2456","Related_Unmemorized","<h1>sweet</h1>","n","y",1104,0
"yl2456","Memorized","<h1>chocolate</h1>","y","y",654,1
"yl2456","Related_Unmemorized","<h1>window</h1>","n","y",1112,0
"yl2456","Unrelated_Unmemorized","<h1>boy</h1>","n","n",613,1
"yl2456","Unrelated_Unmemorized","<h1>snow</h1>","n","n",761,1
"yl2456","Memorized","<h1>shutter</h1>","y","y",762,1
"yl2456","Memorized","<h1>glass</h1>","y","n",2853,0
"yl2456","Memorized","<h1>door</h1>","y","y",757,1
"yl2456","Unrelated_Unmemorized","<h1>piano</h1>","n","n",727,1
"yl2456","Memorized","<h1>house</h1>","y","n",806,0
"yl2456","Unrelated_Unmemorized","<h1>fast</h1>","n","n",1243,1
"yl2456","Unrelated_Unmemorized","<h1>bumpy</h1>","n","n",628,1
"yl2456","Unrelated_Unmemorized","<h1>cat</h1>","n","n",778,1
"yl2456","Memorized","<h1>screen</h1>","y","y",1269,1
"yl2456","Unrelated_Unmemorized","<h1>white</h1>","n","n",778,1
"yl2456","Unrelated_Unmemorized","<h1>web</h1>","n","n",585,1
"yl2456","Unrelated_Unmemorized","<h1>England</h1>","n","n",623,1
"yl2456","Unrelated_Unmemorized","<h1>warm</h1>","n","n",760,1
"yl2456","Unrelated_Unmemorized","<h1>light</h1>","n","n",665,1
"yl2456","Related_Unmemorized","<h1>fruit</h1>","n","n",5748,1
"yl2456","Memorized","<h1>orange</h1>","y","n",4248,0
"yl2456","Memorized","<h1>juice</h1>","y","y",808,1
"yl2456","Unrelated_Unmemorized","<h1>hill</h1>","n","n",716,1
"yl2456","Memorized","<h1>banana</h1>","y","y",640,1
"yl2456","Memorized","<h1>citrus</h1>","y","y",614,1
"yl2456","Memorized","<h1>berry</h1>","y","y",608,1
"zl543","Memorized","<h1>honey</h1>","y","y",1831,1
"zl543","Unrelated_Unmemorized","<h1>pin</h1>","n","n",1462,1
"zl543","Unrelated_Unmemorized","<h1>sit</h1>","n","n",823,1
"zl543","Memorized","<h1>chocolate</h1>","y","y",832,1
"zl543","Related_Unmemorized","<h1>sweet</h1>","n","y",3129,0
"zl543","Unrelated_Unmemorized","<h1>smooth</h1>","n","n",882,1
"zl543","Memorized","<h1>sugar</h1>","y","y",1501,1
"zl543","Unrelated_Unmemorized","<h1>show</h1>","n","n",950,1
"zl543","Memorized","<h1>taste</h1>","y","y",855,1
"zl543","Memorized","<h1>cake</h1>","y","y",686,1
"zl543","Unrelated_Unmemorized","<h1>calm</h1>","n","n",751,1
"zl543","Unrelated_Unmemorized","<h1>climb</h1>","n","n",747,1
"zl543","Unrelated_Unmemorized","<h1>snow</h1>","n","n",1036,1
"zl543","Unrelated_Unmemorized","<h1>cat</h1>","n","n",1305,1
"zl543","Related_Unmemorized","<h1>window</h1>","n","n",6745,1
"zl543","Unrelated_Unmemorized","<h1>boy</h1>","n","n",2217,1
"zl543","Unrelated_Unmemorized","<h1>bumpy</h1>","n","n",593,1
"zl543","Unrelated_Unmemorized","<h1>fast</h1>","n","n",606,1
"zl543","Memorized","<h1>glass</h1>","y","y",873,1
"zl543","Memorized","<h1>house</h1>","y","y",750,1
"zl543","Memorized","<h1>screen</h1>","y","y",1164,1
"zl543","Unrelated_Unmemorized","<h1>piano</h1>","n","n",609,1
"zl543","Memorized","<h1>door</h1>","y","y",773,1
"zl543","Memorized","<h1>shutter</h1>","y","y",706,1
"zl543","Unrelated_Unmemorized","<h1>steal</h1>","n","n",984,1
"zl543","Unrelated_Unmemorized","<h1>toe</h1>","n","n",569,1
"zl543","Related_Unmemorized","<h1>high</h1>","n","n",2599,1
"zl543","Memorized","<h1>up</h1>","y","n",3271,0
"zl543","Memorized","<h1>clouds</h1>","y","y",885,1
"zl543","Memorized","<h1>tower</h1>","y","y",806,1
"zl543","Unrelated_Unmemorized","<h1>valley</h1>","n","n",624,1
"zl543","Unrelated_Unmemorized","<h1>insect</h1>","n","n",730,1
"zl543","Unrelated_Unmemorized","<h1>table</h1>","n","n",842,1
"zl543","Memorized","<h1>low</h1>","y","y",685,1
"zl543","Memorized","<h1>above</h1>","y","y",821,1
"zl543","Unrelated_Unmemorized","<h1>note</h1>","n","n",721,1
"zl543","Memorized","<h1>butter</h1>","y","y",1074,1
"zl543","Unrelated_Unmemorized","<h1>queen</h1>","n","n",641,1
"zl543","Unrelated_Unmemorized","<h1>hard</h1>","n","n",865,1
"zl543","Memorized","<h1>food</h1>","y","y",745,1
"zl543","Unrelated_Unmemorized","<h1>mad</h1>","n","n",603,1
"zl543","Unrelated_Unmemorized","<h1>legs</h1>","n","n",571,1
"zl543","Related_Unmemorized","<h1>bread</h1>","n","n",2151,1
"zl543","Memorized","<h1>flour</h1>","y","y",930,1
"zl543","Unrelated_Unmemorized","<h1>lethargic</h1>","n","n",674,1
"zl543","Memorized","<h1>jam</h1>","y","y",768,1
"zl543","Memorized","<h1>toast</h1>","y","y",860,1
"zl543","Unrelated_Unmemorized","<h1>hand</h1>","n","n",684,1
"zl543","Related_Unmemorized","<h1>river</h1>","n","n",1172,1
"zl543","Unrelated_Unmemorized","<h1>fear</h1>","n","n",866,1
"zl543","Memorized","<h1>brook</h1>","y","y",704,1
"zl543","Unrelated_Unmemorized","<h1>thread</h1>","n","n",1029,1
"zl543","Memorized","<h1>flow</h1>","y","y",754,1
"zl543","Memorized","<h1>barge</h1>","y","y",674,1
"zl543","Unrelated_Unmemorized","<h1>sound</h1>","n","n",728,1
"zl543","Unrelated_Unmemorized","<h1>crown</h1>","n","n",594,1
"zl543","Unrelated_Unmemorized","<h1>hot</h1>","n","n",658,1
"zl543","Unrelated_Unmemorized","<h1>robber</h1>","n","n",591,1
"zl543","Memorized","<h1>swim</h1>","y","y",724,1
"zl543","Memorized","<h1>Mississippi</h1>","y","y",684,1
"zl543","Memorized","<h1>berry</h1>","y","y",961,1
"zl543","Unrelated_Unmemorized","<h1>light</h1>","n","n",660,1
"zl543","Unrelated_Unmemorized","<h1>warm</h1>","n","n",999,1
"zl543","Unrelated_Unmemorized","<h1>England</h1>","n","n",592,1
"zl543","Unrelated_Unmemorized","<h1>hill</h1>","n","n",573,1
"zl543","Memorized","<h1>citrus</h1>","y","y",753,1
"zl543","Unrelated_Unmemorized","<h1>white</h1>","n","n",680,1
"zl543","Unrelated_Unmemorized","<h1>web</h1>","n","n",614,1
"zl543","Related_Unmemorized","<h1>fruit</h1>","n","y",785,0
"zl543","Memorized","<h1>juice</h1>","y","y",675,1
"zl543","Memorized","<h1>orange</h1>","y","y",918,1
"zl543","Memorized","<h1>banana</h1>","y","y",756,1
"egh44","Memorized","<h1>door</h1>","y","n",2879,0
"egh44","Unrelated_Unmemorized","<h1>fast</h1>","n","n",1388,1
"egh44","Related_Unmemorized","<h1>window</h1>","n","n",1929,1
"egh44","Memorized","<h1>screen</h1>","y","y",1407,1
"egh44","Memorized","<h1>glass</h1>","y","n",1553,0
"egh44","Unrelated_Unmemorized","<h1>cat</h1>","n","n",906,1
"egh44","Unrelated_Unmemorized","<h1>piano</h1>","n","n",890,1
"egh44","Unrelated_Unmemorized","<h1>boy</h1>","n","n",1426,1
"egh44","Unrelated_Unmemorized","<h1>bumpy</h1>","n","n",671,1
"egh44","Memorized","<h1>house</h1>","y","y",1596,1
"egh44","Unrelated_Unmemorized","<h1>snow</h1>","n","n",1109,1
"egh44","Memorized","<h1>shutter</h1>","y","y",1167,1
"egh44","Memorized","<h1>low</h1>","y","y",1369,1
"egh44","Unrelated_Unmemorized","<h1>valley</h1>","n","n",983,1
"egh44","Memorized","<h1>tower</h1>","y","y",1082,1
"egh44","Unrelated_Unmemorized","<h1>steal</h1>","n","n",838,1
"egh44","Unrelated_Unmemorized","<h1>toe</h1>","n","n",1126,1
"egh44","Memorized","<h1>up</h1>","y","n",1907,0
"egh44","Memorized","<h1>clouds</h1>","y","n",1747,0
"egh44","Related_Unmemorized","<h1>high</h1>","n","y",1135,0
"egh44","Unrelated_Unmemorized","<h1>insect</h1>","n","n",915,1
"egh44","Unrelated_Unmemorized","<h1>table</h1>","n","n",959,1
"egh44","Unrelated_Unmemorized","<h1>note</h1>","n","n",640,1
"egh44","Memorized","<h1>above</h1>","y","n",1365,0
"egh44","Memorized","<h1>orange</h1>","y","y",1074,1
"egh44","Related_Unmemorized","<h1>fruit</h1>","n","n",1597,1
"egh44","Memorized","<h1>juice</h1>","y","n",3331,0
"egh44","Memorized","<h1>banana</h1>","y","y",838,1
"egh44","Memorized","<h1>citrus</h1>","y","y",976,1
"egh44","Unrelated_Unmemorized","<h1>web</h1>","n","n",872,1
"egh44","Unrelated_Unmemorized","<h1>hill</h1>","n","n",699,1
"egh44","Memorized","<h1>berry</h1>","y","y",1117,1
"egh44","Unrelated_Unmemorized","<h1>England</h1>","n","n",666,1
"egh44","Unrelated_Unmemorized","<h1>light</h1>","n","n",763,1
"egh44","Unrelated_Unmemorized","<h1>white</h1>","n","n",652,1
"egh44","Unrelated_Unmemorized","<h1>warm</h1>","n","n",723,1
"egh44","Unrelated_Unmemorized","<h1>climb</h1>","n","n",1091,1
"egh44","Memorized","<h1>taste</h1>","y","y",3153,1
"egh44","Unrelated_Unmemorized","<h1>sit</h1>","n","n",694,1
"egh44","Unrelated_Unmemorized","<h1>calm</h1>","n","n",644,1
"egh44","Memorized","<h1>sugar</h1>","y","y",1083,1
"egh44","Memorized","<h1>cake</h1>","y","y",971,1
"egh44","Memorized","<h1>honey</h1>","y","y",945,1
"egh44","Memorized","<h1>chocolate</h1>","y","y",797,1
"egh44","Related_Unmemorized","<h1>sweet</h1>","n","n",1167,1
"egh44","Unrelated_Unmemorized","<h1>pin</h1>","n","n",690,1
"egh44","Unrelated_Unmemorized","<h1>show</h1>","n","n",604,1
"egh44","Unrelated_Unmemorized","<h1>smooth</h1>","n","n",892,1
"egh44","Memorized","<h1>flow</h1>","y","y",1226,1
"egh44","Unrelated_Unmemorized","<h1>hot</h1>","n","n",728,1
"egh44","Memorized","<h1>barge</h1>","y","y",937,1
"egh44","Memorized","<h1>swim</h1>","y","n",930,0
"egh44","Unrelated_Unmemorized","<h1>sound</h1>","n","n",909,1
"egh44","Unrelated_Unmemorized","<h1>thread</h1>","n","n",704,1
"egh44","Memorized","<h1>Mississippi</h1>","y","y",818,1
"egh44","Unrelated_Unmemorized","<h1>robber</h1>","n","n",825,1
"egh44","Related_Unmemorized","<h1>river</h1>","n","n",1618,1
"egh44","Unrelated_Unmemorized","<h1>crown</h1>","n","n",662,1
"egh44","Memorized","<h1>brook</h1>","y","y",1393,1
"egh44","Unrelated_Unmemorized","<h1>fear</h1>","n","n",1013,1
"egh44","Unrelated_Unmemorized","<h1>hard</h1>","n","n",1016,1
"egh44","Unrelated_Unmemorized","<h1>queen</h1>","n","n",705,1
"egh44","Unrelated_Unmemorized","<h1>legs</h1>","n","n",616,1
"egh44","Unrelated_Unmemorized","<h1>hand</h1>","n","n",657,1
"egh44","Unrelated_Unmemorized","<h1>mad</h1>","n","n",557,1
"egh44","Related_Unmemorized","<h1>bread</h1>","n","n",2636,1
"egh44","Unrelated_Unmemorized","<h1>lethargic</h1>","n","n",669,1
"egh44","Memorized","<h1>toast</h1>","y","y",869,1
"egh44","Memorized","<h1>food</h1>","y","n",3677,0
"egh44","Memorized","<h1>jam</h1>","y","y",910,1
"egh44","Memorized","<h1>flour</h1>","y","y",916,1
"egh44","Memorized","<h1>butter</h1>","y","n",3817,0
"seb235","Unrelated_Unmemorized","<h1>smooth</h1>","n","n",2041,1
"seb235","Related_Unmemorized","<h1>sweet</h1>","n","y",1283,0
"seb235","Unrelated_Unmemorized","<h1>calm</h1>","n","n",1110,1
"seb235","Unrelated_Unmemorized","<h1>pin</h1>","n","n",1331,1
"seb235","Memorized","<h1>honey</h1>","y","y",953,1
"seb235","Memorized","<h1>chocolate</h1>","y","y",1204,1
"seb235","Unrelated_Unmemorized","<h1>climb</h1>","n","n",883,1
"seb235","Memorized","<h1>taste</h1>","y","y",1127,1
"seb235","Memorized","<h1>sugar</h1>","y","y",946,1
"seb235","Memorized","<h1>cake</h1>","y","y",1218,1
"seb235","Unrelated_Unmemorized","<h1>sit</h1>","n","n",950,1
"seb235","Unrelated_Unmemorized","<h1>show</h1>","n","n",1120,1
"seb235","Memorized","<h1>banana</h1>","y","y",1350,1
"seb235","Unrelated_Unmemorized","<h1>light</h1>","n","n",889,1
"seb235","Unrelated_Unmemorized","<h1>white</h1>","n","n",889,1
"seb235","Memorized","<h1>orange</h1>","y","y",850,1
"seb235","Unrelated_Unmemorized","<h1>warm</h1>","n","n",881,1
"seb235","Memorized","<h1>citrus</h1>","y","y",788,1
"seb235","Unrelated_Unmemorized","<h1>hill</h1>","n","n",948,1
"seb235","Unrelated_Unmemorized","<h1>England</h1>","n","n",883,1
"seb235","Related_Unmemorized","<h1>fruit</h1>","n","y",873,0
"seb235","Memorized","<h1>juice</h1>","y","y",845,1
"seb235","Unrelated_Unmemorized","<h1>web</h1>","n","n",821,1
"seb235","Memorized","<h1>berry</h1>","y","y",792,1
"seb235","Unrelated_Unmemorized","<h1>thread</h1>","n","n",884,1
"seb235","Unrelated_Unmemorized","<h1>fear</h1>","n","n",844,1
"seb235","Memorized","<h1>swim</h1>","y","y",995,1
"seb235","Memorized","<h1>barge</h1>","y","y",989,1
"seb235","Memorized","<h1>Mississippi</h1>","y","y",993,1
"seb235","Unrelated_Unmemorized","<h1>crown</h1>","n","n",1776,1
"seb235","Unrelated_Unmemorized","<h1>sound</h1>","n","n",767,1
"seb235","Related_Unmemorized","<h1>river</h1>","n","y",881,0
"seb235","Unrelated_Unmemorized","<h1>robber</h1>","n","n",764,1
"seb235","Memorized","<h1>brook</h1>","y","y",746,1
"seb235","Unrelated_Unmemorized","<h1>hot</h1>","n","n",745,1
"seb235","Memorized","<h1>flow</h1>","y","y",690,1
"seb235","Memorized","<h1>butter</h1>","y","y",1088,1
"seb235","Related_Unmemorized","<h1>bread</h1>","n","y",770,0
"seb235","Unrelated_Unmemorized","<h1>hand</h1>","n","n",750,1
"seb235","Unrelated_Unmemorized","<h1>lethargic</h1>","n","n",864,1
"seb235","Unrelated_Unmemorized","<h1>legs</h1>","n","n",787,1
"seb235","Unrelated_Unmemorized","<h1>hard</h1>","n","n",771,1
"seb235","Unrelated_Unmemorized","<h1>queen</h1>","n","n",764,1
"seb235","Memorized","<h1>food</h1>","y","y",895,1
"seb235","Memorized","<h1>flour</h1>","y","y",795,1
"seb235","Memorized","<h1>jam</h1>","y","y",858,1
"seb235","Memorized","<h1>toast</h1>","y","y",837,1
"seb235","Unrelated_Unmemorized","<h1>mad</h1>","n","n",830,1
"seb235","Memorized","<h1>house</h1>","y","y",1131,1
"seb235","Unrelated_Unmemorized","<h1>bumpy</h1>","n","n",853,1
"seb235","Unrelated_Unmemorized","<h1>boy</h1>","n","n",864,1
"seb235","Memorized","<h1>glass</h1>","y","y",784,1
"seb235","Memorized","<h1>door</h1>","y","y",897,1
"seb235","Unrelated_Unmemorized","<h1>fast</h1>","n","n",1359,1
"seb235","Memorized","<h1>screen</h1>","y","y",823,1
"seb235","Related_Unmemorized","<h1>window</h1>","n","y",856,0
"seb235","Memorized","<h1>shutter</h1>","y","y",893,1
"seb235","Unrelated_Unmemorized","<h1>piano</h1>","n","n",806,1
"seb235","Unrelated_Unmemorized","<h1>snow</h1>","n","n",868,1
"seb235","Unrelated_Unmemorized","<h1>cat</h1>","n","n",855,1
"seb235","Memorized","<h1>up</h1>","y","y",1064,1
"seb235","Unrelated_Unmemorized","<h1>note</h1>","n","n",804,1
"seb235","Unrelated_Unmemorized","<h1>insect</h1>","n","n",806,1
"seb235","Unrelated_Unmemorized","<h1>table</h1>","n","n",770,1
"seb235","Unrelated_Unmemorized","<h1>toe</h1>","n","n",898,1
"seb235","Related_Unmemorized","<h1>high</h1>","n","y",1214,0
"seb235","Memorized","<h1>clouds</h1>","y","y",765,1
"seb235","Unrelated_Unmemorized","<h1>steal</h1>","n","n",829,1
"seb235","Unrelated_Unmemorized","<h1>valley</h1>","n","n",837,1
"seb235","Memorized","<h1>low</h1>","y","y",1012,1
"seb235","Memorized","<h1>above</h1>","y","y",843,1
"seb235","Memorized","<h1>tower</h1>","y","y",848,1
"LMB","Memorized","<h1>flow</h1>","y","y",2245,1
"LMB","Related_Unmemorized","<h1>river</h1>","n","n",1207,1
"LMB","Unrelated_Unmemorized","<h1>sound</h1>","n","n",1060,1
"LMB","Unrelated_Unmemorized","<h1>crown</h1>","n","n",926,1
"LMB","Memorized","<h1>brook</h1>","y","y",1001,1
"LMB","Memorized","<h1>Mississippi</h1>","y","y",708,1
"LMB","Memorized","<h1>swim</h1>","y","n",1142,0
"LMB","Unrelated_Unmemorized","<h1>fear</h1>","n","n",775,1
"LMB","Unrelated_Unmemorized","<h1>hot</h1>","n","n",749,1
"LMB","Unrelated_Unmemorized","<h1>thread</h1>","n","n",772,1
"LMB","Unrelated_Unmemorized","<h1>robber</h1>","n","n",569,1
"LMB","Memorized","<h1>barge</h1>","y","y",690,1
"LMB","Unrelated_Unmemorized","<h1>calm</h1>","n","n",851,1
"LMB","Memorized","<h1>taste</h1>","y","y",977,1
"LMB","Unrelated_Unmemorized","<h1>climb</h1>","n","n",601,1
"LMB","Memorized","<h1>cake</h1>","y","y",1096,1
"LMB","Unrelated_Unmemorized","<h1>sit</h1>","n","n",575,1
"LMB","Memorized","<h1>honey</h1>","y","y",595,1
"LMB","Unrelated_Unmemorized","<h1>smooth</h1>","n","n",661,1
"LMB","Unrelated_Unmemorized","<h1>show</h1>","n","n",1169,1
"LMB","Related_Unmemorized","<h1>sweet</h1>","n","y",723,0
"LMB","Memorized","<h1>chocolate</h1>","y","y",603,1
"LMB","Memorized","<h1>sugar</h1>","y","y",631,1
"LMB","Unrelated_Unmemorized","<h1>pin</h1>","n","n",603,1
"LMB","Unrelated_Unmemorized","<h1>table</h1>","n","n",1041,1
"LMB","Unrelated_Unmemorized","<h1>note</h1>","n","n",583,1
"LMB","Unrelated_Unmemorized","<h1>valley</h1>","n","n",789,1
"LMB","Memorized","<h1>low</h1>","y","y",1211,1
"LMB","Memorized","<h1>clouds</h1>","y","n",831,0
"LMB","Related_Unmemorized","<h1>high</h1>","n","y",1074,0
"LMB","Unrelated_Unmemorized","<h1>steal</h1>","n","n",566,1
"LMB","Unrelated_Unmemorized","<h1>toe</h1>","n","n",511,1
"LMB","Memorized","<h1>above</h1>","y","n",859,0
"LMB","Unrelated_Unmemorized","<h1>insect</h1>","n","n",573,1
"LMB","Memorized","<h1>tower</h1>","y","y",883,1
"LMB","Memorized","<h1>up</h1>","y","n",981,0
"LMB","Unrelated_Unmemorized","<h1>lethargic</h1>","n","n",1108,1
"LMB","Memorized","<h1>flour</h1>","y","y",875,1
"LMB","Memorized","<h1>butter</h1>","y","y",649,1
"LMB","Memorized","<h1>jam</h1>","y","y",624,1
"LMB","Unrelated_Unmemorized","<h1>mad</h1>","n","n",571,1
"LMB","Unrelated_Unmemorized","<h1>hand</h1>","n","n",520,1
"LMB","Related_Unmemorized","<h1>bread</h1>","n","y",1654,0
"LMB","Memorized","<h1>toast</h1>","y","y",754,1
"LMB","Unrelated_Unmemorized","<h1>legs</h1>","n","n",585,1
"LMB","Unrelated_Unmemorized","<h1>queen</h1>","n","n",874,1
"LMB","Memorized","<h1>food</h1>","y","y",1028,1
"LMB","Unrelated_Unmemorized","<h1>hard</h1>","n","n",673,1
"LMB","Unrelated_Unmemorized","<h1>warm</h1>","n","n",778,1
"LMB","Unrelated_Unmemorized","<h1>England</h1>","n","n",706,1
"LMB","Unrelated_Unmemorized","<h1>white</h1>","n","n",1031,1
"LMB","Memorized","<h1>berry</h1>","y","y",696,1
"LMB","Memorized","<h1>juice</h1>","y","n",1124,0
"LMB","Memorized","<h1>banana</h1>","y","y",843,1
"LMB","Unrelated_Unmemorized","<h1>light</h1>","n","n",424,1
"LMB","Related_Unmemorized","<h1>fruit</h1>","n","y",906,0
"LMB","Memorized","<h1>orange</h1>","y","n",2224,0
"LMB","Unrelated_Unmemorized","<h1>web</h1>","n","y",596,0
"LMB","Memorized","<h1>citrus</h1>","y","y",977,1
"LMB","Unrelated_Unmemorized","<h1>hill</h1>","n","n",571,1
"LMB","Memorized","<h1>house</h1>","y","y",596,1
"LMB","Memorized","<h1>shutter</h1>","y","n",1650,0
"LMB","Memorized","<h1>door</h1>","y","y",884,1
"LMB","Memorized","<h1>glass</h1>","y","y",780,1
"LMB","Related_Unmemorized","<h1>window</h1>","n","n",1745,1
"LMB","Unrelated_Unmemorized","<h1>bumpy</h1>","n","n",635,1
"LMB","Unrelated_Unmemorized","<h1>snow</h1>","n","n",667,1
"LMB","Unrelated_Unmemorized","<h1>cat</h1>","n","n",612,1
"LMB","Unrelated_Unmemorized","<h1>boy</h1>","n","n",496,1
"LMB","Unrelated_Unmemorized","<h1>fast</h1>","n","n",548,1
"LMB","Memorized","<h1>screen</h1>","y","n",724,0
"LMB","Unrelated_Unmemorized","<h1>piano</h1>","n","n",536,1
"jh3487","Memorized","<h1>glass</h1>","y","y",3209,1
"jh3487","Memorized","<h1>door</h1>","y","y",1060,1
"jh3487","Unrelated_Unmemorized","<h1>boy</h1>","n","n",1278,1
"jh3487","Unrelated_Unmemorized","<h1>bumpy</h1>","n","n",882,1
"jh3487","Memorized","<h1>shutter</h1>","y","n",1166,0
"jh3487","Unrelated_Unmemorized","<h1>snow</h1>","n","n",784,1
"jh3487","Related_Unmemorized","<h1>window</h1>","n","y",1223,0
"jh3487","Memorized","<h1>screen</h1>","y","y",536,1
"jh3487","Unrelated_Unmemorized","<h1>fast</h1>","n","n",1621,1
"jh3487","Unrelated_Unmemorized","<h1>piano</h1>","n","n",1316,1
"jh3487","Memorized","<h1>house</h1>","y","y",886,1
"jh3487","Unrelated_Unmemorized","<h1>cat</h1>","n","n",976,1
"jh3487","Memorized","<h1>tower</h1>","y","y",1159,1
"jh3487","Memorized","<h1>above</h1>","y","y",713,1
"jh3487","Related_Unmemorized","<h1>high</h1>","n","y",1092,0
"jh3487","Unrelated_Unmemorized","<h1>note</h1>","n","n",1347,1
"jh3487","Unrelated_Unmemorized","<h1>toe</h1>","n","n",599,1
"jh3487","Unrelated_Unmemorized","<h1>valley</h1>","n","n",573,1
"jh3487","Unrelated_Unmemorized","<h1>table</h1>","n","n",1190,1
"jh3487","Memorized","<h1>clouds</h1>","y","y",1003,1
"jh3487","Memorized","<h1>up</h1>","y","y",599,1
"jh3487","Memorized","<h1>low</h1>","y","y",721,1
"jh3487","Unrelated_Unmemorized","<h1>steal</h1>","n","n",905,1
"jh3487","Unrelated_Unmemorized","<h1>insect</h1>","n","n",758,1
"jh3487","Unrelated_Unmemorized","<h1>light</h1>","n","n",1172,1
"jh3487","Unrelated_Unmemorized","<h1>England</h1>","n","n",543,1
"jh3487","Unrelated_Unmemorized","<h1>hill</h1>","n","n",510,1
"jh3487","Unrelated_Unmemorized","<h1>warm</h1>","n","n",580,1
"jh3487","Related_Unmemorized","<h1>fruit</h1>","n","y",906,0
"jh3487","Memorized","<h1>banana</h1>","y","y",667,1
"jh3487","Unrelated_Unmemorized","<h1>white</h1>","n","n",977,1
"jh3487","Unrelated_Unmemorized","<h1>web</h1>","n","n",627,1
"jh3487","Memorized","<h1>berry</h1>","y","n",1148,0
"jh3487","Memorized","<h1>citrus</h1>","y","y",867,1
"jh3487","Memorized","<h1>orange</h1>","y","y",625,1
"jh3487","Memorized","<h1>juice</h1>","y","y",1017,1
"jh3487","Related_Unmemorized","<h1>bread</h1>","n","y",1354,0
"jh3487","Memorized","<h1>jam</h1>","y","y",553,1
"jh3487","Memorized","<h1>flour</h1>","y","y",900,1
"jh3487","Unrelated_Unmemorized","<h1>hard</h1>","n","n",900,1
"jh3487","Unrelated_Unmemorized","<h1>queen</h1>","n","n",560,1
"jh3487","Memorized","<h1>food</h1>","y","y",981,1
"jh3487","Unrelated_Unmemorized","<h1>hand</h1>","n","n",1285,1
"jh3487","Memorized","<h1>butter</h1>","y","y",767,1
"jh3487","Unrelated_Unmemorized","<h1>lethargic</h1>","n","n",900,1
"jh3487","Memorized","<h1>toast</h1>","y","y",1078,1
"jh3487","Unrelated_Unmemorized","<h1>legs</h1>","n","n",733,1
"jh3487","Unrelated_Unmemorized","<h1>mad</h1>","n","n",682,1
"jh3487","Memorized","<h1>sugar</h1>","y","y",1069,1
"jh3487","Unrelated_Unmemorized","<h1>sit</h1>","n","n",1050,1
"jh3487","Memorized","<h1>taste</h1>","y","y",1004,1
"jh3487","Unrelated_Unmemorized","<h1>show</h1>","n","n",829,1
"jh3487","Memorized","<h1>honey</h1>","y","y",815,1
"jh3487","Unrelated_Unmemorized","<h1>calm</h1>","n","n",767,1
"jh3487","Memorized","<h1>cake</h1>","y","y",3024,1
"jh3487","Related_Unmemorized","<h1>sweet</h1>","n","y",1404,0
"jh3487","Unrelated_Unmemorized","<h1>pin</h1>","n","n",771,1
"jh3487","Unrelated_Unmemorized","<h1>climb</h1>","n","n",801,1
"jh3487","Unrelated_Unmemorized","<h1>smooth</h1>","n","n",770,1
"jh3487","Memorized","<h1>chocolate</h1>","y","y",828,1
"jh3487","Unrelated_Unmemorized","<h1>hot</h1>","n","n",1123,1
"jh3487","Unrelated_Unmemorized","<h1>sound</h1>","n","n",649,1
"jh3487","Memorized","<h1>swim</h1>","y","y",2534,1
"jh3487","Memorized","<h1>brook</h1>","y","y",785,1
"jh3487","Unrelated_Unmemorized","<h1>thread</h1>","n","n",711,1
"jh3487","Memorized","<h1>barge</h1>","y","n",972,0
"jh3487","Memorized","<h1>flow</h1>","y","y",879,1
"jh3487","Unrelated_Unmemorized","<h1>fear</h1>","n","n",747,1
"jh3487","Unrelated_Unmemorized","<h1>crown</h1>","n","n",816,1
"jh3487","Unrelated_Unmemorized","<h1>robber</h1>","n","n",881,1
"jh3487","Related_Unmemorized","<h1>river</h1>","n","y",895,0
"jh3487","Memorized","<h1>Mississippi</h1>","y","y",790,1
"mam475","Memorized","<h1>up</h1>","y","y",1869,1
"mam475","Unrelated_Unmemorized","<h1>toe</h1>","n","n",967,1
"mam475","Unrelated_Unmemorized","<h1>insect</h1>","n","n",735,1
"mam475","Memorized","<h1>clouds</h1>","y","y",872,1
"mam475","Memorized","<h1>tower</h1>","y","y",695,1
"mam475","Unrelated_Unmemorized","<h1>note</h1>","n","n",730,1
"mam475","Memorized","<h1>low</h1>","y","n",1581,0
"mam475","Related_Unmemorized","<h1>high</h1>","n","n",1398,1
"mam475","Memorized","<h1>above</h1>","y","y",807,1
"mam475","Unrelated_Unmemorized","<h1>steal</h1>","n","n",747,1
"mam475","Unrelated_Unmemorized","<h1>table</h1>","n","n",747,1
"mam475","Unrelated_Unmemorized","<h1>valley</h1>","n","n",892,1
"mam475","Memorized","<h1>taste</h1>","y","y",2355,1
"mam475","Unrelated_Unmemorized","<h1>climb</h1>","n","n",723,1
"mam475","Unrelated_Unmemorized","<h1>smooth</h1>","n","n",733,1
"mam475","Unrelated_Unmemorized","<h1>show</h1>","n","n",579,1
"mam475","Unrelated_Unmemorized","<h1>pin</h1>","n","n",676,1
"mam475","Memorized","<h1>sugar</h1>","y","y",824,1
"mam475","Memorized","<h1>honey</h1>","y","y",709,1
"mam475","Unrelated_Unmemorized","<h1>calm</h1>","n","n",541,1
"mam475","Unrelated_Unmemorized","<h1>sit</h1>","n","n",572,1
"mam475","Memorized","<h1>cake</h1>","y","n",2439,0
"mam475","Memorized","<h1>chocolate</h1>","y","y",722,1
"mam475","Related_Unmemorized","<h1>sweet</h1>","n","n",1481,1
"mam475","Unrelated_Unmemorized","<h1>England</h1>","n","n",927,1
"mam475","Memorized","<h1>juice</h1>","y","y",763,1
"mam475","Memorized","<h1>citrus</h1>","y","y",583,1
"mam475","Unrelated_Unmemorized","<h1>web</h1>","n","n",549,1
"mam475","Unrelated_Unmemorized","<h1>light</h1>","n","n",1086,1
"mam475","Unrelated_Unmemorized","<h1>white</h1>","n","n",540,1
"mam475","Unrelated_Unmemorized","<h1>warm</h1>","n","n",585,1
"mam475","Related_Unmemorized","<h1>fruit</h1>","n","n",1066,1
"mam475","Memorized","<h1>orange</h1>","y","n",1491,0
"mam475","Memorized","<h1>berry</h1>","y","y",1876,1
"mam475","Memorized","<h1>banana</h1>","y","y",682,1
"mam475","Unrelated_Unmemorized","<h1>hill</h1>","n","n",651,1
"mam475","Related_Unmemorized","<h1>river</h1>","n","y",1393,0
"mam475","Memorized","<h1>swim</h1>","y","y",857,1
"mam475","Unrelated_Unmemorized","<h1>thread</h1>","n","n",592,1
"mam475","Unrelated_Unmemorized","<h1>hot</h1>","n","n",588,1
"mam475","Unrelated_Unmemorized","<h1>sound</h1>","n","n",523,1
"mam475","Memorized","<h1>flow</h1>","y","n",454,0
"mam475","Memorized","<h1>Mississippi</h1>","y","y",736,1
"mam475","Memorized","<h1>barge</h1>","y","n",1864,0
"mam475","Unrelated_Unmemorized","<h1>crown</h1>","n","n",1558,1
"mam475","Unrelated_Unmemorized","<h1>robber</h1>","n","n",630,1
"mam475","Unrelated_Unmemorized","<h1>fear</h1>","n","n",570,1
"mam475","Memorized","<h1>brook</h1>","y","y",1170,1
"mam475","Memorized","<h1>shutter</h1>","y","y",749,1
"mam475","Memorized","<h1>glass</h1>","y","y",786,1
"mam475","Memorized","<h1>screen</h1>","y","y",1092,1
"mam475","Memorized","<h1>door</h1>","y","y",1745,1
"mam475","Unrelated_Unmemorized","<h1>bumpy</h1>","n","n",616,1
"mam475","Unrelated_Unmemorized","<h1>fast</h1>","n","n",580,1
"mam475","Memorized","<h1>house</h1>","y","y",945,1
"mam475","Unrelated_Unmemorized","<h1>cat</h1>","n","n",614,1
"mam475","Unrelated_Unmemorized","<h1>boy</h1>","n","n",626,1
"mam475","Related_Unmemorized","<h1>window</h1>","n","n",717,1
"mam475","Unrelated_Unmemorized","<h1>snow</h1>","n","n",739,1
"mam475","Unrelated_Unmemorized","<h1>piano</h1>","n","n",591,1
"mam475","Related_Unmemorized","<h1>bread</h1>","n","n",729,1
"mam475","Unrelated_Unmemorized","<h1>hard</h1>","n","n",619,1
"mam475","Memorized","<h1>flour</h1>","y","y",749,1
"mam475","Unrelated_Unmemorized","<h1>mad</h1>","n","n",621,1
"mam475","Unrelated_Unmemorized","<h1>hand</h1>","n","n",802,1
"mam475","Memorized","<h1>toast</h1>","y","y",803,1
"mam475","Memorized","<h1>butter</h1>","y","y",1184,1
"mam475","Memorized","<h1>food</h1>","y","n",1272,0
"mam475","Unrelated_Unmemorized","<h1>legs</h1>","n","n",832,1
"mam475","Memorized","<h1>jam</h1>","y","y",931,1
"mam475","Unrelated_Unmemorized","<h1>queen</h1>","n","n",889,1
"mam475","Unrelated_Unmemorized","<h1>lethargic</h1>","n","n",1066,1
"spp36","Memorized","<h1>swim</h1>","y","y",2154,1
"spp36","Memorized","<h1>barge</h1>","y","n",2265,0
"spp36","Unrelated_Unmemorized","<h1>thread</h1>","n","n",1509,1
"spp36","Unrelated_Unmemorized","<h1>crown</h1>","n","n",1182,1
"spp36","Unrelated_Unmemorized","<h1>robber</h1>","n","n",915,1
"spp36","Unrelated_Unmemorized","<h1>hot</h1>","n","n",901,1
"spp36","Related_Unmemorized","<h1>river</h1>","n","n",1605,1
"spp36","Unrelated_Unmemorized","<h1>sound</h1>","n","n",1067,1
"spp36","Memorized","<h1>flow</h1>","y","y",1121,1
"spp36","Memorized","<h1>brook</h1>","y","y",973,1
"spp36","Unrelated_Unmemorized","<h1>fear</h1>","n","n",717,1
"spp36","Memorized","<h1>Mississippi</h1>","y","y",1003,1
"spp36","Memorized","<h1>berry</h1>","y","n",2068,0
"spp36","Unrelated_Unmemorized","<h1>light</h1>","n","n",1333,1
"spp36","Unrelated_Unmemorized","<h1>web</h1>","n","n",725,1
"spp36","Memorized","<h1>orange</h1>","y","y",598,1
"spp36","Unrelated_Unmemorized","<h1>hill</h1>","n","n",664,1
"spp36","Unrelated_Unmemorized","<h1>white</h1>","n","n",612,1
"spp36","Unrelated_Unmemorized","<h1>warm</h1>","n","n",903,1
"spp36","Memorized","<h1>banana</h1>","y","y",1018,1
"spp36","Memorized","<h1>citrus</h1>","y","n",967,0
"spp36","Memorized","<h1>juice</h1>","y","y",876,1
"spp36","Unrelated_Unmemorized","<h1>England</h1>","n","n",576,1
"spp36","Related_Unmemorized","<h1>fruit</h1>","n","n",3198,1
"spp36","Memorized","<h1>glass</h1>","y","y",1208,1
"spp36","Unrelated_Unmemorized","<h1>bumpy</h1>","n","n",622,1
"spp36","Unrelated_Unmemorized","<h1>boy</h1>","n","n",600,1
"spp36","Unrelated_Unmemorized","<h1>fast</h1>","n","n",662,1
"spp36","Unrelated_Unmemorized","<h1>piano</h1>","n","n",634,1
"spp36","Memorized","<h1>door</h1>","y","n",1289,0
"spp36","Unrelated_Unmemorized","<h1>cat</h1>","n","n",1205,1
"spp36","Memorized","<h1>shutter</h1>","y","y",981,1
"spp36","Related_Unmemorized","<h1>window</h1>","n","y",446,0
"spp36","Unrelated_Unmemorized","<h1>snow</h1>","n","n",558,1
"spp36","Memorized","<h1>house</h1>","y","y",580,1
"spp36","Memorized","<h1>screen</h1>","y","y",604,1
"spp36","Memorized","<h1>jam</h1>","y","y",958,1
"spp36","Unrelated_Unmemorized","<h1>mad</h1>","n","n",719,1
"spp36","Related_Unmemorized","<h1>bread</h1>","n","y",2605,0
"spp36","Unrelated_Unmemorized","<h1>lethargic</h1>","n","n",707,1
"spp36","Memorized","<h1>butter</h1>","y","y",585,1
"spp36","Unrelated_Unmemorized","<h1>queen</h1>","n","n",451,1
"spp36","Unrelated_Unmemorized","<h1>hard</h1>","n","n",572,1
"spp36","Memorized","<h1>toast</h1>","y","y",564,1
"spp36","Unrelated_Unmemorized","<h1>legs</h1>","n","n",637,1
"spp36","Memorized","<h1>food</h1>","y","y",5909,1
"spp36","Memorized","<h1>flour</h1>","y","y",959,1
"spp36","Unrelated_Unmemorized","<h1>hand</h1>","n","n",599,1
"spp36","Unrelated_Unmemorized","<h1>table</h1>","n","n",1187,1
"spp36","Memorized","<h1>above</h1>","y","n",979,0
"spp36","Unrelated_Unmemorized","<h1>insect</h1>","n","n",658,1
"spp36","Unrelated_Unmemorized","<h1>note</h1>","n","n",910,1
"spp36","Unrelated_Unmemorized","<h1>valley</h1>","n","y",615,0
"spp36","Memorized","<h1>up</h1>","y","n",577,0
"spp36","Unrelated_Unmemorized","<h1>steal</h1>","n","n",786,1
"spp36","Memorized","<h1>tower</h1>","y","y",506,1
"spp36","Memorized","<h1>clouds</h1>","y","y",595,1
"spp36","Unrelated_Unmemorized","<h1>toe</h1>","n","n",447,1
"spp36","Memorized","<h1>low</h1>","y","n",451,0
"spp36","Related_Unmemorized","<h1>high</h1>","n","y",672,0
"spp36","Memorized","<h1>chocolate</h1>","y","y",883,1
"spp36","Unrelated_Unmemorized","<h1>calm</h1>","n","n",482,1
"spp36","Related_Unmemorized","<h1>sweet</h1>","n","y",654,0
"spp36","Memorized","<h1>taste</h1>","y","y",546,1
"spp36","Memorized","<h1>sugar</h1>","y","y",1049,1
"spp36","Memorized","<h1>cake</h1>","y","n",957,0
"spp36","Memorized","<h1>honey</h1>","y","y",646,1
"spp36","Unrelated_Unmemorized","<h1>pin</h1>","n","n",551,1
"spp36","Unrelated_Unmemorized","<h1>smooth</h1>","n","n",839,1
"spp36","Unrelated_Unmemorized","<h1>climb</h1>","n","n",583,1
"spp36","Unrelated_Unmemorized","<h1>show</h1>","n","n",687,1
"spp36","Unrelated_Unmemorized","<h1>sit</h1>","n","n",496,1
